{
 "100_bias_on_off": {
  "bias": 100,
  "n_planes": 71,
  "on": 14171551,
  "off": 47063569,
  "span_med": 4.980408,
  "span_max": 5.304785
 },
 "80_bias_on_off": {
  "bias": 80,
  "n_planes": 71,
  "on": 53343187,
  "off": 77287089,
  "span_med": 4.997254,
  "span_max": 5.05198
 },
 "60_bias_on_off": {
  "bias": 60,
  "n_planes": 71,
  "on": 113689253,
  "off": 131496746,
  "span_med": 5.003372,
  "span_max": 5.051966
 }
}